ticker,company,day,close,return_1,return_5,ma5_gap,ma20_gap,volatility_5,volume_ratio_5,company_YWEL,company_YJBK,company_HDMT,company_JHFD,company_THCT,company_MHCH,company_SHEN,company_THTC,company_HRBI,company_SYTR,company_JCSC,company_HLPM
YWEL,영욱전자,1000,33355.02,0.029829691495874888,0.13889101343654997,0.05644849057340018,0.17583623612772725,0.002632788988786607,0.8870632219856649,1,0,0,0,0,0,0,0,0,0,0,0
YJBK,유진문고,1000,12062.59,0.02202646531024466,0.09125985405950154,0.03978056548469744,0.0765167684586554,0.003188892538249232,1.1551927378241684,0,1,0,0,0,0,0,0,0,0,0,0
HDMT,현도자동차,1000,46750.96,0.01405879598228399,0.04677944485332075,0.023321354043268627,-0.008882320251488052,0.0034821802953724774,1.0473631251685136,0,0,1,0,0,0,0,0,0,0,0,0
JHFD,주현식품,1000,16089.05,-0.001996125605800536,-0.034453269639894146,-0.008969814727393444,-0.1485932477341202,0.0035467947297840485,1.0976150859678313,0,0,0,1,0,0,0,0,0,0,0,0
THCT,태호건설,1000,21488.83,-0.00607120506898895,-0.05318658174696367,-0.01697419803325584,-0.17838415572291744,0.0033839763356862972,1.0721925107751826,0,0,0,0,1,0,0,0,0,0,0,0
MHCH,문호화학,1000,30065.53,-0.010155073520164315,-0.07166932311019414,-0.024932489156720528,-0.20636024071370407,0.003267622417730164,0.8172668131537627,0,0,0,0,0,1,0,0,0,0,0,0
SHEN,수하에너지,1000,40065.64,-0.01397905086571094,-0.08912620714710207,-0.03255685741431846,-0.2317418156834915,0.0031598332720587773,1.023339866202131,0,0,0,0,0,0,1,0,0,0,0,0
THTC,태환통신,1000,25493.79,-0.018012875253789917,-0.1065807420199979,-0.04043363091402474,-0.2558772325672942,0.002954305384904561,1.0882290056536383,0,0,0,0,0,0,0,1,0,0,0,0
HRBI,현려바이오,1000,36928.54,0.005912043909946485,0.004938352908136601,0.006897506978078338,-0.08289778258242775,0.0034765664860200215,1.012268727854298,0,0,0,0,0,0,0,0,1,0,0,0
SYTR,성윤물산,1000,18883.83,-0.02191643743166327,-0.12257199676606967,-0.04785110604857967,-0.2765081510898594,0.0026926547123816576,1.0181986653770188,0,0,0,0,0,0,0,0,0,1,0,0
JCSC,지찬반도체,1000,53860.97,-0.026194815385338632,-0.13955383490722173,-0.055938741238100276,-0.2963937058050765,0.0023472691799763645,0.8328121727770645,0,0,0,0,0,0,0,0,0,0,1,0
HLPM,혜린제약,1000,28205.5,-0.029960466559937338,-0.15419979362900782,-0.06310647459178509,-0.31200783240988395,0.001978974505417162,1.052577303510092,0,0,0,0,0,0,0,0,0,0,0,1
